name,name_wt,mutant,dg_exp,ddg_exp,dg_ci95_low,dg_ci95_high,sequence,wt_only_reference
1AOY,1AOY,False,-3.419129082479915,-0.0,-3.3413508412690067,-3.48752361649883,QEELVKAFKALLKEEKFSSQGEIVAALQEQGFDNINQSKVSRMLTKFGAVRTRNAKMEMVYCLPAELGV,False
1AOY__I23L,1AOY,True,-3.493530323635854,-0.0744012411559387,-3.447298236217323,-3.543011498886304,QEELVKAFKALLKEEKFSSQGELVAALQEQGFDNINQSKVSRMLTKFGAVRTRNAKMEMVYCLPAELGV,False
1AOY__Q30W,1AOY,True,-3.046186569355108,0.3729425131248072,-3.0039607811410387,-3.1012990726150487,QEELVKAFKALLKEEKFSSQGEIVAALQEWGFDNINQSKVSRMLTKFGAVRTRNAKMEMVYCLPAELGV,False
1AOY__S38H,1AOY,True,-3.4925323346799235,-0.0734032522000083,-3.4465394887643304,-3.5223002771104035,QEELVKAFKALLKEEKFSSQGEIVAALQEQGFDNINQHKVSRMLTKFGAVRTRNAKMEMVYCLPAELGV,False
1EM7_L7A,1EM7_L7A,False,-4.134299560102287,-0.0,-4.065503658552095,-4.21271445059791,TTYKLIANGKTLKGETTTEAVDAETAERVFKEYAKKNGVDGEWTYDDATKTFTVTE,False
1EM7_L7A__T44V,1EM7_L7A,True,-3.5660376391359128,0.568261920966374,-3.533114656359534,-3.608632914962147,TTYKLIANGKTLKGETTTEAVDAETAERVFKEYAKKNGVDGEWVYDDATKTFTVTE,False
1EM7_L7A__V39G,1EM7_L7A,True,-1.6038867137586357,2.530412846343652,-1.537350333508536,-1.676082514684874,TTYKLIANGKTLKGETTTEAVDAETAERVFKEYAKKNGGDGEWTYDDATKTFTVTE,False
1EM7_L7A__Y45R,1EM7_L7A,True,-0.7494164786694579,3.384883081432829,-0.6188726790942652,-0.8153520344029737,TTYKLIANGKTLKGETTTEAVDAETAERVFKEYAKKNGVDGEWTRDDATKTFTVTE,False
1EM7_V54S,1EM7_V54S,False,-2.991508849357171,-0.0,-2.946222421314743,-3.0441499622542554,TTYKLILNGKTLKGETTTEAVDAETAERVFKEYAKKNGVDGEWTYDDATKTFTSTE,False
1EM7_V54S__D40G,1EM7_V54S,True,-2.201550940705824,0.7899579086513469,-2.158738108919976,-2.2789878597978244,TTYKLILNGKTLKGETTTEAVDAETAERVFKEYAKKNGVGGEWTYDDATKTFTSTE,False
1EM7_V54S__D47W,1EM7_V54S,True,-2.3032597129296875,0.6882491364274834,-2.262590351125291,-2.3435736964956937,TTYKLILNGKTLKGETTTEAVDAETAERVFKEYAKKNGVDGEWTYDWATKTFTSTE,False
1EM7_V54S__V39A,1EM7_V54S,True,-1.65743799009967,1.3340708592575008,-1.574966747071472,-1.7449964828035565,TTYKLILNGKTLKGETTTEAVDAETAERVFKEYAKKNGADGEWTYDDATKTFTSTE,False
1ENH,1ENH,False,-2.6133610372863805,-0.0,-2.5661059634795222,-2.64829392708333,AFSSEQLARLKREFNENRYLTERRRQQLSSELGLNEAQIKIWFQNKRA,False
1ENH__L32G_F43N,1ENH,True,0.5914182230496716,3.204779260336052,0.7524729333148343,0.1899365495967178,AFSSEQLARLKREFNENRYLTERRRQQLSSEGGLNEAQIKIWNQNKRA,False
1ENH__Q6C,1ENH,True,-1.7039971386292438,0.9093638986571366,-1.512602659603083,-1.9094514203832524,AFSSECLARLKREFNENRYLTERRRQQLSSELGLNEAQIKIWFQNKRA,False
1ENH__S4V,1ENH,True,-2.783289451763821,-0.1699284144774404,-2.6932630023702013,-2.8891604731908407,AFSVEQLARLKREFNENRYLTERRRQQLSSELGLNEAQIKIWFQNKRA,False
1GB4_A27K,1GB4_A27K,False,-1.5692630878363758,-0.0,-1.507579667763256,-1.620545380422319,MTTFKLIINGKTLKGEITIEAVDAAEKEKIFKQYANDNGIDGEWTYDDATKTFTVTE,False
1GB4_A27K__D48P,1GB4_A27K,True,-1.51702190258994,0.0522411852464357,-1.427065423057693,-1.6179974763435256,MTTFKLIINGKTLKGEITIEAVDAAEKEKIFKQYANDNGIDGEWTYDPATKTFTVTE,False
1GB4_A27K__Q33P,1GB4_A27K,True,-0.039739722020894,1.529523365815482,0.0328871063289804,-0.1242087170400728,MTTFKLIINGKTLKGEITIEAVDAAEKEKIFKPYANDNGIDGEWTYDDATKTFTVTE,False
1GB4_A27K__T3R,1GB4_A27K,True,-1.5476405409494984,0.0216225468868773,-1.4963285596397382,-1.619729155333114,MTRFKLIINGKTLKGEITIEAVDAAEKEKIFKQYANDNGIDGEWTYDDATKTFTVTE,False
1GB4_F53D,1GB4_F53D,False,-1.6553057429846838,-0.0,-1.557870354189987,-1.7451072361197235,MTTFKLIINGKTLKGEITIEAVDAAEAEKIFKQYANDNGIDGEWTYDDATKTDTVTE,False
1GB4_F53D__D48Y,1GB4_F53D,True,-1.6811834208820595,-0.0258776778973757,-1.6068322962668222,-1.771378115363542,MTTFKLIINGKTLKGEITIEAVDAAEAEKIFKQYANDNGIDGEWTYDYATKTDTVTE,False
1GB4_F53D__N38C,1GB4_F53D,True,-2.535970899201806,-0.8806651562171224,-2.430486721825009,-2.598496727610269,MTTFKLIINGKTLKGEITIEAVDAAEAEKIFKQYANDCGIDGEWTYDDATKTDTVTE,False
1GB4_F53D__T50V,1GB4_F53D,True,-0.978037981439864,0.6772677615448198,-0.889205506191411,-1.0683385728078263,MTTFKLIINGKTLKGEITIEAVDAAEAEKIFKQYANDNGIDGEWTYDDAVKTDTVTE,False
1GJS,1GJS,False,-3.156290559068143,-0.0,-3.101458141388889,-3.2199267474605,NSLAEAKVLANRELDKYGVSDYYKNLINNAKTVEGVKALIDEILA,False
1GJS__A38S,1GJS,True,-2.9058380690762045,0.2504524899919387,-2.8061849698721524,-2.977638573263514,NSLAEAKVLANRELDKYGVSDYYKNLINNAKTVEGVKSLIDEILA,False
1GJS__L3H,1GJS,True,0.6144671305276268,3.77075768959577,0.7160992123373214,0.5406395846089201,NSHAEAKVLANRELDKYGVSDYYKNLINNAKTVEGVKALIDEILA,False
1GJS__L3K,1GJS,True,0.3346643148451569,3.4909548739133003,0.4103078277097093,0.2817873624792187,NSKAEAKVLANRELDKYGVSDYYKNLINNAKTVEGVKALIDEILA,False
1I6C,1I6C,False,-2.242023891521419,-0.0,-2.1145541655789466,-2.339476993565995,KLPPGWEKRMSRSSGRVYYFNHITNASQWERPSGNSSSG,False
1I6C__I23L,1I6C,True,-2.142307220165682,0.0997166713557371,-2.077809118831693,-2.185537708607794,KLPPGWEKRMSRSSGRVYYFNHLTNASQWERPSGNSSSG,False
1I6C__N35E,1I6C,True,-2.298872310685405,-0.0568484191639862,-2.263051434058669,-2.332352013070739,KLPPGWEKRMSRSSGRVYYFNHITNASQWERPSGESSSG,False
1I6C__R9P_F20F,1I6C,True,-0.5555350700162626,1.6864888215051566,-0.4235248264163641,-0.8278550603741834,KLPPGWEKPMSRSSGRVYYFNHITNASQWERPSGNSSSG,False
1PGA_L5A,1PGA_L5A,False,-2.4406788714920147,-0.0,-2.395189903778152,-2.498901755226094,MTYKAILNGKTLKGETTTEAVDAATAEKVFKQYANDNGVDGEWTYDDATKTFTVTE,False
1PGA_L5A__D36V,1PGA_L5A,True,-1.778222396328803,0.6624564751632116,-1.6743543121967663,-1.857439006503572,MTYKAILNGKTLKGETTTEAVDAATAEKVFKQYANVNGVDGEWTYDDATKTFTVTE,False
1PGA_L5A__T18H,1PGA_L5A,True,-1.4264108057710625,1.0142680657209522,-1.3638974245487,-1.5016115773960068,MTYKAILNGKTLKGETTHEAVDAATAEKVFKQYANDNGVDGEWTYDDATKTFTVTE,False
1PGA_L5A__T53R,1PGA_L5A,True,-1.4328848983232096,1.007793973168805,-1.38244330377054,-1.496691230992441,MTYKAILNGKTLKGETTTEAVDAATAEKVFKQYANDNGVDGEWTYDDATKTFRVTE,False
1PGA_L7S,1PGA_L7S,False,-2.988407025523304,-0.0,-2.879999136171315,-3.0969141352607297,MTYKLISNGKTLKGETTTEAVDAATAEKVFKQYANDNGVDGEWTYDDATKTFTVTE,False
1PGA_L7S__A23G,1PGA_L7S,True,-1.1050753415203909,1.883331684002913,-1.037236971973171,-1.161978769044482,MTYKLISNGKTLKGETTTEAVDGATAEKVFKQYANDNGVDGEWTYDDATKTFTVTE,False
1PGA_L7S__K50S,1PGA_L7S,True,-1.4435604964216573,1.5448465291016469,-1.3279020751767394,-1.5226098424705732,MTYKLISNGKTLKGETTTEAVDAATAEKVFKQYANDNGVDGEWTYDDATSTFTVTE,False
1PGA_L7S__S7C,1PGA_L7S,True,-4.545379196399011,-1.5569721708757074,-4.491366559884932,-4.589797421014216,MTYKLICNGKTLKGETTTEAVDAATAEKVFKQYANDNGVDGEWTYDDATKTFTVTE,False
1PGA_T51A,1PGA_T51A,False,-3.508330586144168,-0.0,-3.432846526628749,-3.5744664594993005,MTYKLILNGKTLKGETTTEAVDAATAEKVFKQYANDNGVDGEWTYDDATKAFTVTE,False
1PGA_T51A__A24D,1PGA_T51A,True,-2.960561082792295,0.5477695033518719,-2.9072134234349964,-3.020440068299405,MTYKLILNGKTLKGETTTEAVDADTAEKVFKQYANDNGVDGEWTYDDATKAFTVTE,False
1PGA_T51A__D40N,1PGA_T51A,True,-3.4217999440566844,0.0865306420874825,-3.342674676631264,-3.4883131887263854,MTYKLILNGKTLKGETTTEAVDAATAEKVFKQYANDNGVNGEWTYDDATKAFTVTE,False
1PGA_T51A__L5K,1PGA_T51A,True,0.1622790216963727,3.67060960784054,0.2481261395538407,0.0885837410064265,MTYKKILNGKTLKGETTTEAVDAATAEKVFKQYANDNGVDGEWTYDDATKAFTVTE,False
1PGA_V39S,1PGA_V39S,False,-2.682309390544739,-0.0,-2.630516159668552,-2.732349967307786,MTYKLILNGKTLKGETTTEAVDAATAEKVFKQYANDNGSDGEWTYDDATKTFTVTE,False
1PGA_V39S__L7D,1PGA_V39S,True,0.3521716457424308,3.0344810362871697,0.4018748345651816,0.3203064065917679,MTYKLIDNGKTLKGETTTEAVDAATAEKVFKQYANDNGSDGEWTYDDATKTFTVTE,False
1PGA_V39S__T17M,1PGA_V39S,True,-2.156184625879833,0.5261247646649059,-2.011480883952056,-2.217706081787965,MTYKLILNGKTLKGETMTEAVDAATAEKVFKQYANDNGSDGEWTYDDATKTFTVTE,False
1PGX_A27S,1PGX_A27S,False,-2.752138420520832,-0.0,-2.7059565093912927,-2.7898223466648098,VTTYKLVINGKTLKGETTTKAVDAETSEKAFKQYANDNGVDGVWTYDDATKTFTVTEMV,False
1PGX_A27S__A35C,1PGX_A27S,True,-3.4155375724822417,-0.6633991519614097,-3.3583904175555457,-3.4732514299313872,VTTYKLVINGKTLKGETTTKAVDAETSEKAFKQYCNDNGVDGVWTYDDATKTFTVTEMV,False
1PGX_A27S__D48F,1PGX_A27S,True,-2.0167703048708705,0.7353681156499614,-1.9428958948236432,-2.063494466848504,VTTYKLVINGKTLKGETTTKAVDAETSEKAFKQYANDNGVDGVWTYDFATKTFTVTEMV,False
1PGX_A27S__K51R,1PGX_A27S,True,-2.4240023195341536,0.3281361009866783,-2.3653271043270188,-2.513997239236066,VTTYKLVINGKTLKGETTTKAVDAETSEKAFKQYANDNGVDGVWTYDDATRTFTVTEMV,False
1TG0,1TG0,False,-2.3698659391776777,-0.0,-2.313050473880476,-2.4270565655948992,EVPFKVVAQFPYKSDYEDDLNFEKDQEIIVTSVEDAEWYFGEYQDSNGDVIEGIFPKSFVAVQG,False
1TG0__A36P,1TG0,True,-2.3979401236724223,-0.0280741844947445,-2.3033082950278856,-2.551170467961302,EVPFKVVAQFPYKSDYEDDLNFEKDQEIIVTSVEDPEWYFGEYQDSNGDVIEGIFPKSFVAVQG,False
1TG0__D45C_N47P,1TG0,True,-0.882666692325119,1.4871992468525588,-0.7888793985725564,-0.9401532343746016,EVPFKVVAQFPYKSDYEDDLNFEKDQEIIVTSVEDAEWYFGEYQCSPGDVIEGIFPKSFVAVQG,False
1TG0__E1N,1TG0,True,-2.408085619052569,-0.0382196798748912,-2.3434491197033527,-2.4598241679738715,NVPFKVVAQFPYKSDYEDDLNFEKDQEIIVTSVEDAEWYFGEYQDSNGDVIEGIFPKSFVAVQG,False
2AMI,2AMI,False,-2.299560063561505,-0.0,-2.2501472592197724,-2.3615261230289035,GLTEEQKQEIREAFDLFDTDGSGTIDAKELKVAMRALGFEPKKEEIKKMISEIDKDGSGTIDFEEFLTMMTA,False
2AMI__F14S_F63Y,2AMI,True,0.5865325864880224,2.886092650049528,0.6483808479816962,0.5222203181421843,GLTEEQKQEIREASDLFDTDGSGTIDAKELKVAMRALGFEPKKEEIKKMISEIDKDGSGTIDYEEFLTMMTA,False
2AMI__F63S,2AMI,True,-0.0892196106585473,2.2103404529029578,-0.0286622260388353,-0.1825224766191822,GLTEEQKQEIREAFDLFDTDGSGTIDAKELKVAMRALGFEPKKEEIKKMISEIDKDGSGTIDSEEFLTMMTA,False
2AMI__I10V_M70V,2AMI,True,-2.211840252107188,0.0877198114543169,-2.1826960265371147,-2.2620789763946902,GLTEEQKQEVREAFDLFDTDGSGTIDAKELKVAMRALGFEPKKEEIKKMISEIDKDGSGTIDFEEFLTMVTA,False
2JN4,2JN4,False,-2.654720344203991,-0.0,-2.601272925498172,-2.712147521650078,MKVMIRKTATGHSAYVAKKDLEELIVEMENPALWGGKVTLANGWQLELPAMAADTPLPITVEARKL,False
2JN4__L46M,2JN4,True,-1.3919264907848727,1.262793853419118,-1.3517480895965988,-1.442878128613866,MKVMIRKTATGHSAYVAKKDLEELIVEMENPALWGGKVTLANGWQMELPAMAADTPLPITVEARKL,False
2JN4__Q45I,2JN4,True,-3.743547829601916,-1.0888274853979252,-3.6971954562638873,-3.785917100842046,MKVMIRKTATGHSAYVAKKDLEELIVEMENPALWGGKVTLANGWILELPAMAADTPLPITVEARKL,False
2JN4__T39A_Q45I,2JN4,True,-2.414022747839165,0.2406975963648259,-2.314348710260858,-2.459971090109266,MKVMIRKTATGHSAYVAKKDLEELIVEMENPALWGGKVALANGWILELPAMAADTPLPITVEARKL,False
2JWS,2JWS,False,-3.4911014732160752,-0.0,-3.440089670209406,-3.5729850118343283,LNLKQAKEEAIKELVDAGIAEKYIKLIANAKTVEGVWTLKDEILTFTV,False
2JWS__E8V,2JWS,True,-3.2252921668192847,0.2658093063967905,-2.9892541779015405,-3.324104907345596,LNLKQAKVEAIKELVDAGIAEKYIKLIANAKTVEGVWTLKDEILTFTV,False
2JWS__I24D,2JWS,True,-0.5415761640947183,2.949525309121357,-0.5018495404482783,-0.6116304464065713,LNLKQAKEEAIKELVDAGIAEKYDKLIANAKTVEGVWTLKDEILTFTV,False
2JWS__K4M,2JWS,True,-3.282132040946915,0.2089694322691602,-3.207124602854511,-3.4413573648228986,LNLMQAKEEAIKELVDAGIAEKYIKLIANAKTVEGVWTLKDEILTFTV,False
2JWT,2JWT,False,-2.332740960417545,-0.0,-2.2904694214059607,-2.371788915585913,RTAFSSEQLARLKREFNENRYLTERRRQQLSSELGLNEAQIKIWFQNKRA,False
2JWT__E15N,2JWT,True,0.0315264242020587,2.364267384619604,0.0850840537554303,-0.0105419680192421,RTAFSSEQLARLKRNFNENRYLTERRRQQLSSELGLNEAQIKIWFQNKRA,False
2JWT__F4C,2JWT,True,-1.5907864821529585,0.7419544782645864,-1.3988798832568072,-1.736207976905238,RTACSSEQLARLKREFNENRYLTERRRQQLSSELGLNEAQIKIWFQNKRA,False
2JWT__R11G_R26W,2JWT,True,-0.377364204097332,1.955376756320213,-0.3451580568405264,-0.4088379230315725,RTAFSSEQLAGLKREFNENRYLTERWRQQLSSELGLNEAQIKIWFQNKRA,False
2K1B,2K1B,False,-2.3863726234191627,-0.0,-2.296117561566003,-2.525733124863488,FAVESIRKKRVRKGKVEYLVKWKGWPPKYSTWEPEEHILDPRLVMAYEE,False
2K1B__A46P,2K1B,True,-1.4442727573612617,0.942099866057901,-1.2521787565949394,-1.5101205052103597,FAVESIRKKRVRKGKVEYLVKWKGWPPKYSTWEPEEHILDPRLVMPYEE,False
2K1B__V3F,2K1B,True,-1.662276066108155,0.7240965573110076,-1.5715145232112089,-1.7683304982690862,FAFESIRKKRVRKGKVEYLVKWKGWPPKYSTWEPEEHILDPRLVMAYEE,False
2K1B__V3Y_L43Y,2K1B,True,-1.2245981741554433,1.1617744492637194,-1.107837976145908,-1.2720736839950666,FAYESIRKKRVRKGKVEYLVKWKGWPPKYSTWEPEEHILDPRYVMAYEE,False
2K28,2K28,False,-2.663182270814653,-0.0,-2.6383511348740547,-2.735754107556457,AVESIEKKRIRKGRVEYLVKWRGWSPKYNTWEPEENILDPRLLIAFQNRE,False
2K28__K8Q,2K28,True,-2.4785992349510666,0.1845830358635862,-2.4275487412699635,-2.516304286977195,AVESIEKQRIRKGRVEYLVKWRGWSPKYNTWEPEENILDPRLLIAFQNRE,False
2K28__K8S_F46S,2K28,True,-0.9533035671854818,1.7098787036291712,-0.880338073549937,-1.0436328854307249,AVESIEKSRIRKGRVEYLVKWRGWSPKYNTWEPEENILDPRLLIASQNRE,False
2K28__T30P_N36A,2K28,True,0.1042382030853134,2.7674204738999664,0.1710316709336842,-0.0495991964569747,AVESIEKKRIRKGRVEYLVKWRGWSPKYNPWEPEEAILDPRLLIAFQNRE,False
2K2A,2K2A,False,-1.840228493407201,-0.0,-1.7999096155634056,-1.871052391104402,ELREAFRLYDKEGNGYISTDVMREILAELDETLSSEDLDAMIDEIDADGSGTVDFEEFMGVMT,False
2K2A__R7A,2K2A,True,-2.086961556339414,-0.2467330629322131,-1.9544768957867795,-2.183066005926805,ELREAFALYDKEGNGYISTDVMREILAELDETLSSEDLDAMIDEIDADGSGTVDFEEFMGVMT,False
2K2A__S50I_T52D,2K2A,True,0.2108952800737092,2.0511237734809105,0.3114305851497782,0.1293080660930998,ELREAFRLYDKEGNGYISTDVMREILAELDETLSSEDLDAMIDEIDADGIGDVDFEEFMGVMT,False
2K2A__S50L_T52N,2K2A,True,-0.7228695392326134,1.1173589541745876,-0.6306912347929454,-0.8041748045947396,ELREAFRLYDKEGNGYISTDVMREILAELDETLSSEDLDAMIDEIDADGLGNVDFEEFMGVMT,False
2KCF,2KCF,False,-2.2735221585431025,-0.0,-2.16456829151598,-2.3422630514738145,GSKLPPGWEKRMSRSSGRVYYFNHITNASQWERPSG,False
2KCF__P6H,2KCF,True,-1.8505416492491016,0.4229805092940009,-1.7954102368739588,-1.8945429762457269,GSKLPHGWEKRMSRSSGRVYYFNHITNASQWERPSG,False
2KCF__Q30N,2KCF,True,-0.5802130907883003,1.6933090677548022,-0.5364802837460377,-0.6222213670453624,GSKLPPGWEKRMSRSSGRVYYFNHITNASNWERPSG,False
2KCF__S2N,2KCF,True,-2.148944242854508,0.1245779156885946,-2.091894444176692,-2.1951241430849966,GNKLPPGWEKRMSRSSGRVYYFNHITNASQWERPSG,False
2L7F,2L7F,False,-2.266069399454223,-0.0,-2.2188632452450374,-2.311622947546657,HFTSQQLQELEATFQRNRYPDMSTREEIAVWTNLTEARVRVWFKNRRAKWR,False
2L7F__E27H,2L7F,True,-2.0574139792991266,0.2086554201550963,-1.9784932430213749,-2.1246611893903364,HFTSQQLQELEATFQRNRYPDMSTREHIAVWTNLTEARVRVWFKNRRAKWR,False
2L7F__R38A,2L7F,True,-2.797485427423373,-0.5314160279691502,-2.764031862110695,-2.828512663791986,HFTSQQLQELEATFQRNRYPDMSTREEIAVWTNLTEAAVRVWFKNRRAKWR,False
2L7F__T13A,2L7F,True,-3.397530245364405,-1.131460845910182,-3.303951495332556,-3.48570897987498,HFTSQQLQELEAAFQRNRYPDMSTREEIAVWTNLTEARVRVWFKNRRAKWR,False
2L7M,2L7M,False,-2.392960338818935,-0.0,-2.2916965295886524,-2.4683226380517143,THFTSQQLQELEATFQRNHYPDMSTREEIAVWTNLTEARVRVWFKNRRAKWR,False
2L7M__E12D_R47H,2L7M,True,-0.1252245441701809,2.2677357946487544,0.0221647607244942,-0.2240052690589858,THFTSQQLQELDATFQRNHYPDMSTREEIAVWTNLTEARVRVWFKNHRAKWR,False
2L7M__E12F_R47F,2L7M,True,-1.7142819594386622,0.6786783793802729,-1.595944962365646,-1.830113521014965,THFTSQQLQELFATFQRNHYPDMSTREEIAVWTNLTEARVRVWFKNFRAKWR,False
2L7M__F15W_R47V,2L7M,True,-0.7407220337611753,1.6522383050577598,-0.3988099715920813,-1.05166884512103,THFTSQQLQELEATWQRNHYPDMSTREEIAVWTNLTEARVRVWFKNVRAKWR,False
2M0C,2M0C,False,-3.425445371258625,-0.0,-3.34234497578489,-3.5151515666888384,TFTSYQLEELEKVFQKTHYPDVYAREQLAMRTDLTEARVQVWFQNRRA,False
2M0C__N45F,2M0C,True,-3.2772082695922267,0.1482371016663988,-3.184658179775824,-3.3795823512698764,TFTSYQLEELEKVFQKTHYPDVYAREQLAMRTDLTEARVQVWFQFRRA,False
2M0C__T3G,2M0C,True,-1.2021568153401714,2.223288555918454,-1.136022346771929,-1.2809238744295786,TFGSYQLEELEKVFQKTHYPDVYAREQLAMRTDLTEARVQVWFQNRRA,False
2M0C__Y5T,2M0C,True,-2.7278715868852244,0.6975737843734011,-2.6883306745282227,-2.7801447680389817,TFTSTQLEELEKVFQKTHYPDVYAREQLAMRTDLTEARVQVWFQNRRA,False
2M2L,2M2L,False,-2.2488161555829485,-0.0,-2.1795353057622164,-2.3322948798833663,TFEVERIVRKKIVHGNTSYLVKWKNYSSKDNTWETEDDIRTKYGDLVDDFEK,False
2M2L__K10V_E51Q,2M2L,True,-1.1783893998438515,1.070426755739097,-1.085858938435081,-1.2528196349927905,TFEVERIVRVKIVHGNTSYLVKWKNYSSKDNTWETEDDIRTKYGDLVDDFQK,False
2M2L__V4F,2M2L,True,-1.0239717767206526,1.2248443788622958,-0.9378594001840383,-1.1165321640633272,TFEFERIVRKKIVHGNTSYLVKWKNYSSKDNTWETEDDIRTKYGDLVDDFEK,False
2M8I,2M8I,False,-3.056760472983875,-0.0,-2.930841287092191,-3.167497664715488,GLEHMADEEKLPPGWEKRMSRSSGRVYYFNHITNASQWERPSG,False
2M8I__R18E,2M8I,True,-0.826017585473273,2.230742887510602,-0.5647823100597726,-1.008000900488086,GLEHMADEEKLPPGWEKEMSRSSGRVYYFNHITNASQWERPSG,False
2M8I__R18Q_F29M,2M8I,True,0.9595921183334998,4.016352591317375,1.211032408712654,0.5893556965582449,GLEHMADEEKLPPGWEKQMSRSSGRVYYMNHITNASQWERPSG,False
2M8I__V26G,2M8I,True,-1.141228430927363,1.915532042056512,-1.041791321616378,-1.215351113720912,GLEHMADEEKLPPGWEKRMSRSSGRGYYFNHITNASQWERPSG,False
2M8J,2M8J,False,-3.230679734924955,-0.0,-3.120588396564761,-3.4349863622992167,GLEHMADEEKLPPGWEKRMERSSGRVYYFNHITNASQWERPSG,False
2M8J__K10M,2M8J,True,-2.777425631053565,0.45325410387139,-2.715098141907306,-2.849150718405509,GLEHMADEEMLPPGWEKRMERSSGRVYYFNHITNASQWERPSG,False
2M8J__K17F,2M8J,True,-1.8103058297557968,1.4203739051691575,-1.7383675753698102,-1.8470848123762256,GLEHMADEEKLPPGWEFRMERSSGRVYYFNHITNASQWERPSG,False
2M8J__P12N,2M8J,True,-0.6551182365163722,2.575561498408583,-0.5984904776016886,-0.728511029978739,GLEHMADEEKLNPGWEKRMERSSGRVYYFNHITNASQWERPSG,False
2M8U,2M8U,False,-3.403495068433295,-0.0,-3.3624636334614704,-3.427742313437961,TKAQVIEAFKVFDRDGNGYVTVDYLRKVLNELGDMMPADEIEEMIYEADPQNSGYVQYETFVGMLFL,False
2M8U__K2Q,2M8U,True,-3.3714971357062984,0.0319979327269961,-3.3110826635476767,-3.416316195896921,TQAQVIEAFKVFDRDGNGYVTVDYLRKVLNELGDMMPADEIEEMIYEADPQNSGYVQYETFVGMLFL,False
2M8U__T60G,2M8U,True,-3.1692211108473884,0.234273957585906,-3.10008929611944,-3.2837130341160234,TKAQVIEAFKVFDRDGNGYVTVDYLRKVLNELGDMMPADEIEEMIYEADPQNSGYVQYEGFVGMLFL,False
2M8U__T60N,2M8U,True,-3.5670584095660223,-0.1635633411327277,-3.432763320127296,-3.67009036260076,TKAQVIEAFKVFDRDGNGYVTVDYLRKVLNELGDMMPADEIEEMIYEADPQNSGYVQYENFVGMLFL,False
2M9I,2M9I,False,-1.0682709189829651,-0.0,-0.9912060719042994,-1.1360087709052344,KLPPGWEKRMFRSNGTVYYFNHITNASQFERPSG,False
2M9I__F11Y,2M9I,True,-1.3377740820109438,-0.2695031630279787,-1.2490345137089631,-1.4872708123920255,KLPPGWEKRMYRSNGTVYYFNHITNASQFERPSG,False
2M9I__R31F,2M9I,True,-1.3930552921132746,-0.3247843731303095,-1.33497909762401,-1.4406263443519858,KLPPGWEKRMFRSNGTVYYFNHITNASQFEFPSG,False
2M9I__V17G,2M9I,True,-0.2016239925479185,0.8666469264350466,-0.0412199474773719,-0.2942251847027545,KLPPGWEKRMFRSNGTGYYFNHITNASQFERPSG,False
2MKX_L11A,2MKX_L11A,False,-2.961731500799564,-0.0,-2.9236182473285206,-2.994375308159752,TYYTVKSGDTANKIAAQYGVSVANLRSWNGISGDLIFVGQKLIVKKG,False
2MKX_L11A__A23P,2MKX_L11A,True,-1.5445289392024648,1.4172025615970991,-1.4967694550940909,-1.587114045021202,TYYTVKSGDTANKIAAQYGVSVPNLRSWNGISGDLIFVGQKLIVKKG,False
2MKX_L11A__G8L,2MKX_L11A,True,-1.225651479740805,1.736080021058759,-1.1609362566675931,-1.2676975759860631,TYYTVKSLDTANKIAAQYGVSVANLRSWNGISGDLIFVGQKLIVKKG,False
2MKX_L11A__S7I,2MKX_L11A,True,-3.314104591460289,-0.3523730906607252,-3.2884334455509494,-3.3547107116679404,TYYTVKIGDTANKIAAQYGVSVANLRSWNGISGDLIFVGQKLIVKKG,False
2MKX_N29S,2MKX_N29S,False,-3.4387612721632648,-0.0,-3.402288435747696,-3.479576073329681,TYYTVKSGDTLNKIAAQYGVSVANLRSWSGISGDLIFVGQKLIVKKG,False
2MKX_N29S__D9M,2MKX_N29S,True,-0.6861664348830847,2.75259483728018,-0.5845088593920811,-0.7809419724146184,TYYTVKSGMTLNKIAAQYGVSVANLRSWSGISGDLIFVGQKLIVKKG,False
2MKX_N29S__G19W,2MKX_N29S,True,-1.758891882809372,1.6798693893538927,-1.7007478581983857,-1.8183880018204528,TYYTVKSGDTLNKIAAQYWVSVANLRSWSGISGDLIFVGQKLIVKKG,False
2MKX_N29S__K41C,2MKX_N29S,True,-3.494542477456537,-0.0557812052932722,-3.349702968045024,-3.6338452974179503,TYYTVKSGDTLNKIAAQYGVSVANLRSWSGISGDLIFVGQCLIVKKG,False
2MYX,2MYX,False,-2.4425966857204013,-0.0,-2.413665003665076,-2.4841499598565693,GGHPVTTQMVETVQNLAPNLHPEQIRYSLENTGSVEETVERYLRGDEFSFPP,False
2MYX__I25L,2MYX,True,0.5492208531804801,2.991817538900881,0.5845479983096671,0.5190413333810825,GGHPVTTQMVETVQNLAPNLHPEQLRYSLENTGSVEETVERYLRGDEFSFPP,False
2MYX__Q24V,2MYX,True,-0.4766184321813603,1.965978253539041,-0.4391757245825436,-0.519191653275221,GGHPVTTQMVETVQNLAPNLHPEVIRYSLENTGSVEETVERYLRGDEFSFPP,False
2MYX__R41A_D46S,2MYX,True,-1.2826422628406695,1.1599544228797318,-1.2357869890590445,-1.3902332410847953,GGHPVTTQMVETVQNLAPNLHPEQIRYSLENTGSVEETVEAYLRGSEFSFPP,False
2OP7,2OP7,False,-2.8597854999453944,-0.0,-2.794974339328774,-2.9289143484602373,NEEPLPEGWEIRYTREGVRYFVDHNTRTTTFKDPRNGKS,False
2OP7__D23S_T26Q,2OP7,True,-1.2513119479597403,1.608473551985654,-1.2079331714098402,-1.3293640010154846,NEEPLPEGWEIRYTREGVRYFVSHNQRTTTFKDPRNGKS,False
2OP7__D23W,2OP7,True,-0.9476235650774948,1.9121619348679,-0.9010081214694922,-0.9786869093471092,NEEPLPEGWEIRYTREGVRYFVWHNTRTTTFKDPRNGKS,False
2OP7__H24V,2OP7,True,-2.126389363416415,0.7333961365289796,-2.089950814010066,-2.159890693059261,NEEPLPEGWEIRYTREGVRYFVDVNTRTTTFKDPRNGKS,False
2PTL_I58A,2PTL_I58A,False,-2.507963305278296,-0.0,-2.4619645824508662,-2.544708715823534,EVTIKANLIFANGSTQTAEFKGTFEKATSEAYAYADTLKKDNGEYTVDVADKGYTLNAKFAG,False
2PTL_I58A__K39I,2PTL_I58A,True,-2.5354599517877,-0.0274966465094044,-2.485776874812987,-2.580666923815167,EVTIKANLIFANGSTQTAEFKGTFEKATSEAYAYADTLIKDNGEYTVDVADKGYTLNAKFAG,False
2PTL_I58A__T23V,2PTL_I58A,True,-1.3952141102053055,1.1127491950729902,-1.3370474647312427,-1.4492848019028488,EVTIKANLIFANGSTQTAEFKGVFEKATSEAYAYADTLKKDNGEYTVDVADKGYTLNAKFAG,False
2PTL_I58A__Y34N,2PTL_I58A,True,-0.100668575701504,2.407294729576792,-0.0474942584658453,-0.1527017286093539,EVTIKANLIFANGSTQTAEFKGTFEKATSEAYANADTLKKDNGEYTVDVADKGYTLNAKFAG,False
2PTL_L38S,2PTL_L38S,False,-3.765795083629314,-0.0,-3.710502304178105,-3.829795707626585,EVTIKANLIFANGSTQTAEFKGTFEKATSEAYAYADTSKKDNGEYTVDVADKGYTLNIKFAG,False
2PTL_L38S__F20M,2PTL_L38S,True,-0.6625023449776724,3.103292738651642,-0.5909464745166172,-0.7410238734149147,EVTIKANLIFANGSTQTAEMKGTFEKATSEAYAYADTSKKDNGEYTVDVADKGYTLNIKFAG,False
2PTL_L38S__F24T,2PTL_L38S,True,-1.5007092893601923,2.2650857942691216,-1.4498064046128776,-1.5717254608355642,EVTIKANLIFANGSTQTAEFKGTTEKATSEAYAYADTSKKDNGEYTVDVADKGYTLNIKFAG,False
2PTL_L38S__G53H,2PTL_L38S,True,-0.9172409967525011,2.848554086876813,-0.8397303388392797,-0.9744293775516176,EVTIKANLIFANGSTQTAEFKGTFEKATSEAYAYADTSKKDNGEYTVDVADKHYTLNIKFAG,False
2QFF,2QFF,False,-2.345188110906814,-0.0,-2.265248325296151,-2.4392625591728314,QNEKLANELKSLLDELNVNELATGSLNTYYKRTIKISGQKAMYALKSKDFKKMSEAKYQLQKIYNEIDEA,False
2QFF__K31F,2QFF,True,-1.8085830585338831,0.5366050523729307,-1.7017771450566033,-1.8620886874136773,QNEKLANELKSLLDELNVNELATGSLNTYYFRTIKISGQKAMYALKSKDFKKMSEAKYQLQKIYNEIDEA,False
2QFF__K4H,2QFF,True,-1.8431832388435672,0.5020048720632466,-1.7481215152894394,-1.8882048227865709,QNEHLANELKSLLDELNVNELATGSLNTYYKRTIKISGQKAMYALKSKDFKKMSEAKYQLQKIYNEIDEA,False
2QFF__M53N,2QFF,True,-0.1213327418956214,2.223855369011192,0.0029624380013736,-0.2917977519966234,QNEKLANELKSLLDELNVNELATGSLNTYYKRTIKISGQKAMYALKSKDFKKNSEAKYQLQKIYNEIDEA,False
2RRT,2RRT,False,-3.4432600015964767,-0.0,-3.4007722312465747,-3.496372918204937,SEEEIREAFRVFDKDGNGYISAADLRHVMTNLGEKLTDEEVDEMIREADIDGDGQVNYEDFVQMMTA,False
2RRT__A48P,2RRT,True,-1.6441827102796671,1.7990772913168096,-1.5606355294682477,-1.7673830501238068,SEEEIREAFRVFDKDGNGYISAADLRHVMTNLGEKLTDEEVDEMIREPDIDGDGQVNYEDFVQMMTA,False
2RRT__F9P_F61V,2RRT,True,0.2256667494439844,3.668926751040461,0.3114953830633326,0.1325278422129404,SEEEIREAPRVFDKDGNGYISAADLRHVMTNLGEKLTDEEVDEMIREADIDGDGQVNYEDVVQMMTA,False
2RRT__I5W_M65T,2RRT,True,-2.4003158729302285,1.0429441286662482,-2.3539921967880955,-2.4362241597192176,SEEEWREAFRVFDKDGNGYISAADLRHVMTNLGEKLTDEEVDEMIREADIDGDGQVNYEDFVQMTTA,False
2WQG,2WQG,False,-1.6792299486754885,-0.0,-1.614293314729388,-1.7340518530890718,SADYSSLTVVQLKDLLTKRNLSVGGLKNEWVQRLIKDDEES,False
2WQG__R19K,2WQG,True,-0.0934082448356156,1.5858217038398732,0.0252051841554059,-0.1833269707319253,SADYSSLTVVQLKDLLTKKNLSVGGLKNEWVQRLIKDDEES,False
2WQG__T8G_Q11M,2WQG,True,-0.2796765890659342,1.3995533596095546,-0.233910000820861,-0.3301184963283866,SADYSSLGVVMLKDLLTKRNLSVGGLKNEWVQRLIKDDEES,False
2WQG__T8V_Q11A,2WQG,True,0.4604536808159252,2.139683629491414,0.5844862664831911,0.4195133217741958,SADYSSLVVVALKDLLTKRNLSVGGLKNEWVQRLIKDDEES,False
2YSB,2YSB,False,-1.8775970603370744,-0.0,-1.8160263591705887,-1.9400880398458864,GEDLPLPPGWSVDWTMRGRKYYIDHNTNTTHWSHPLESGPSSG,False
2YSB__G39H,2YSB,True,-1.8078888400381696,0.0697082202989047,-1.7685866889343758,-1.86583319781839,GEDLPLPPGWSVDWTMRGRKYYIDHNTNTTHWSHPLESHPSSG,False
2YSB__P40A,2YSB,True,-1.873174014145855,0.0044230461912193,-1.8256130391078125,-1.9448348512640368,GEDLPLPPGWSVDWTMRGRKYYIDHNTNTTHWSHPLESGASSG,False
2YSF,2YSF,False,-1.7402357845514742,-0.0,-1.646125439793293,-1.8123134446127944,GLPEGWEMRFTVDGIPYFVDHNRRTTTYIDPRTG,False
2YSF__N22G,2YSF,True,-0.9257763126152154,0.8144594719362588,-0.8694403207429837,-0.9992504868287532,GLPEGWEMRFTVDGIPYFVDHGRRTTTYIDPRTG,False
2ZW1_V55S,2ZW1_V55S,False,-2.8957878090211406,-0.0,-2.841963996038323,-2.9513694962667,MDTYKLILNGKTLKGETTTEAVDAATAEKVFKHYANEHGVHGHWTYDPETKTFTSTE,False
2ZW1_V55S__T26C,2ZW1_V55S,True,-2.027609926544071,0.8681778824770698,-1.9868985581742284,-2.0959205564972496,MDTYKLILNGKTLKGETTTEAVDAACAEKVFKHYANEHGVHGHWTYDPETKTFTSTE,False
2ZW1_V55S__T3I,2ZW1_V55S,True,-2.840669319791084,0.0551184892300566,-2.7973030859715324,-2.8839209715171745,MDIYKLILNGKTLKGETTTEAVDAATAEKVFKHYANEHGVHGHWTYDPETKTFTSTE,False
2ZW1_V55S__V40A,2ZW1_V55S,True,-1.4705765782232163,1.4252112307979243,-1.408458678250737,-1.5290923224103188,MDTYKLILNGKTLKGETTTEAVDAATAEKVFKHYANEHGAHGHWTYDPETKTFTSTE,False
2ZW1_Y34A,2ZW1_Y34A,False,-3.7724799896815178,-0.0,-3.711268906828838,-3.8400131368159727,MDTYKLILNGKTLKGETTTEAVDAATAEKVFKHAANEHGVHGHWTYDPETKTFTVTE,False
2ZW1_Y34A__E57H,2ZW1_Y34A,True,-2.539425743621175,1.2330542460603429,-2.477950997244811,-2.604605559254259,MDTYKLILNGKTLKGETTTEAVDAATAEKVFKHAANEHGVHGHWTYDPETKTFTVTH,False
2ZW1_Y34A__P48W,2ZW1_Y34A,True,-2.901065905584878,0.8714140840966396,-2.84391833067749,-2.946826798939514,MDTYKLILNGKTLKGETTTEAVDAATAEKVFKHAANEHGVHGHWTYDWETKTFTVTE,False
2ZW1_Y34A__T12R,2ZW1_Y34A,True,-3.102065932661162,0.6704140570203556,-3.0364654056411395,-3.1754641950267253,MDTYKLILNGKRLKGETTTEAVDAATAEKVFKHAANEHGVHGHWTYDPETKTFTVTE,False
4C26,4C26,False,-4.34249143997117,-0.0,-4.312161164881276,-4.371869861891397,SELMNSSKLIRMLEEDGWRLVRVTGSAHHFKHPKKPGLVTVPHPKKDLPIGTVKSIQKSAGL,False
4C26__K58A,4C26,True,-4.4210381069706175,-0.0785466669994479,-4.37471605244321,-4.464490791411038,SELMNSSKLIRMLEEDGWRLVRVTGSAHHFKHPKKPGLVTVPHPKKDLPIGTVKSIQASAGL,False
4C26__S6N_H43H,4C26,True,-1.617696798006761,2.724794641964409,-1.5697511715594663,-1.6697242789843088,SELMNNSKLIRMLEEDGWRLVRVTGSAHHFKHPKKPGLVTVPHPKKDLPIGTVKSIQKSAGL,False
4C26__W18F_H32E,4C26,True,-0.0559974173297211,4.286494022641448,0.0151354453590314,-0.0966860750720661,SELMNSSKLIRMLEEDGFRLVRVTGSAHHFKEPKKPGLVTVPHPKKDLPIGTVKSIQKSAGL,False
4UZW,4UZW,False,-2.838787217890516,-0.0,-2.7971013961567097,-2.8640312122829923,SADYSSLTVVQLKDLLTKRNLSVGGLKNELVQRLIKDDEESKGE,False
4UZW__E29C_R33M,4UZW,True,-0.6898316859753961,2.14895553191512,-0.4635084640246373,-0.9860564209477972,SADYSSLTVVQLKDLLTKRNLSVGGLKNCLVQMLIKDDEESKGE,False
4UZW__E29M_R33R,4UZW,True,-2.114419320427676,0.7243678974628396,-2.013986909253201,-2.206364622807401,SADYSSLTVVQLKDLLTKRNLSVGGLKNMLVQRLIKDDEESKGE,False
4UZW__T8A_Q11E,4UZW,True,-1.4605505237251777,1.378236694165338,-1.4101443668469562,-1.515052655418479,SADYSSLAVVELKDLLTKRNLSVGGLKNELVQRLIKDDEESKGE,False
5AHT,5AHT,False,-1.225103703592978,-0.0,-1.147418852312322,-1.3100329089395597,GSMEQGFLPKGWEVRHAPNGRPFFIDHNTKTTTWEDPRLKIPA,False
5AHT__I41M,5AHT,True,-1.0824083637113333,0.1426953398816446,-1.013590715308211,-1.1617347760411911,GSMEQGFLPKGWEVRHAPNGRPFFIDHNTKTTTWEDPRLKMPA,False
5AHT__I41Y,5AHT,True,-1.1821565829737504,0.0429471206192275,-1.1528383618626743,-1.233595500788231,GSMEQGFLPKGWEVRHAPNGRPFFIDHNTKTTTWEDPRLKYPA,False
5AHT__N19D,5AHT,True,-1.2742718669112585,-0.0491681633182805,-1.230997485413354,-1.3433319502199377,GSMEQGFLPKGWEVRHAPDGRPFFIDHNTKTTTWEDPRLKIPA,False
5UBS,5UBS,False,-3.226011846094196,-0.0,-3.169358691248882,-3.279276315174912,MTFKLIINGKTLKGETTTEAVDAATAEKVFKQYFNDNGIDGEWTYDDATKTFTITE,False
5UBS__E15S,5UBS,True,-3.0243819479593936,0.2016298981348017,-2.880425307301392,-3.160537628499368,MTFKLIINGKTLKGSTTTEAVDAATAEKVFKQYFNDNGIDGEWTYDDATKTFTITE,False
5UBS__K10C,5UBS,True,-3.676058591362171,-0.4500467452679757,-3.595453918046109,-3.762474944573482,MTFKLIINGCTLKGETTTEAVDAATAEKVFKQYFNDNGIDGEWTYDDATKTFTITE,False
5UBS__N37D,5UBS,True,-2.44003335461906,0.7859784914751353,-2.333992728322455,-2.526518154199996,MTFKLIINGKTLKGETTTEAVDAATAEKVFKQYFNDDGIDGEWTYDDATKTFTITE,False
5UCE,5UCE,False,-2.0482911728773647,-0.0,-1.9775847613186304,-2.102545589595586,MTFKAIINGKTLKGETTTEAVDAATAEKVFKQYFNDNGLDGEWTYDDATKTFTVTE,False
5UCE__F34C_V54G,5UCE,True,0.2051973049501245,2.253488477827489,0.2678118648669959,0.1474739691805481,MTFKAIINGKTLKGETTTEAVDAATAEKVFKQYCNDNGLDGEWTYDDATKTFTGTE,False
5UCE__L39V,5UCE,True,-1.9822213431454867,0.066069829731878,-1.884945679073776,-2.221345191289318,MTFKAIINGKTLKGETTTEAVDAATAEKVFKQYFNDNGVDGEWTYDDATKTFTVTE,False
5UCE__T25L,5UCE,True,-1.005191155351686,1.0431000175256788,-0.965127253816979,-1.0580295632119945,MTFKAIINGKTLKGETTTEAVDAALAEKVFKQYFNDNGLDGEWTYDDATKTFTVTE,False
5Z2S,5Z2S,False,-1.9833787563537,-0.0,-1.945733490861381,-2.024721496198062,AVTGSQTALLLRAFEKDRFPGIAAREELARETGLPESRIQIWFQNRR,False
5Z2S__F19L,5Z2S,True,-0.4100518399206636,1.5733269164330366,-0.3522061083986752,-0.4268231153887606,AVTGSQTALLLRAFEKDRLPGIAAREELARETGLPESRIQIWFQNRR,False
5Z2S__G21L,5Z2S,True,-0.7183020851391834,1.265076671214517,-0.6917168062745472,-0.738117397925405,AVTGSQTALLLRAFEKDRFPLIAAREELARETGLPESRIQIWFQNRR,False
5Z2S__N45M,5Z2S,True,-1.9118590102315365,0.0715197461221637,-1.8359861258081245,-1.97229802152446,AVTGSQTALLLRAFEKDRFPGIAAREELARETGLPESRIQIWFQMRR,False
6FVC,6FVC,False,-1.321646747935977,-0.0,-1.2479780887572152,-1.3693583183357267,EQLARLKREFNENRYLTERRRQQLSSELGLNEAQIKIWFQNERA,False
6FVC__L24V,6FVC,True,0.315977701079878,1.637624449015855,0.3723742001704045,0.2596204947282125,EQLARLKREFNENRYLTERRRQQVSSELGLNEAQIKIWFQNERA,False
6FVC__L6Q,6FVC,True,0.3922483300629693,1.7138950779989464,0.4385850803454964,0.3642493220533252,EQLARQKREFNENRYLTERRRQQLSSELGLNEAQIKIWFQNERA,False
6FVC__S26G,6FVC,True,-0.8020772223976149,0.5195695255383621,-0.768794798973431,-0.850475353736208,EQLARLKREFNENRYLTERRRQQLSGELGLNEAQIKIWFQNERA,False
7JJK,7JJK,False,-2.8214426770275534,-0.0,-2.774815001318633,-2.852560094537344,RPMNAFMVWARIHRPALAKANPAANNAEISVQLGLEWNKLSEEQKKPYYDEAQKIKE,False
7JJK__Q44K,7JJK,True,-2.3699183439206024,0.4515243331069509,-2.285739430195238,-2.468518306165666,RPMNAFMVWARIHRPALAKANPAANNAEISVQLGLEWNKLSEEKKKPYYDEAQKIKE,False
7JJK__V8S,7JJK,True,-1.7605973961661463,1.060845280861407,-1.6688339353461137,-1.886039334033408,RPMNAFMSWARIHRPALAKANPAANNAEISVQLGLEWNKLSEEQKKPYYDEAQKIKE,False
7JJK__Y49E,7JJK,True,-2.4797242425864976,0.3417184344410557,-2.319744323932666,-2.609964297781661,RPMNAFMVWARIHRPALAKANPAANNAEISVQLGLEWNKLSEEQKKPYEDEAQKIKE,False
EA_run2_0290_0001,EA_run2_0290_0001,False,-4.402247414483901,-0.0,-4.352598082372978,-4.441946902291736,LELTLRVGDKTWHFKDVDEEFVRHLEELLKRGAHEREIEEIIREWLR,False
EA_run2_0290_0001__E26I,EA_run2_0290_0001,True,-4.589555751773524,-0.1873083372896236,-4.5171469430338345,-4.71560920000012,LELTLRVGDKTWHFKDVDEEFVRHLIELLKRGAHEREIEEIIREWLR,False
EA_run2_0290_0001__R43I,EA_run2_0290_0001,True,-4.375572522894124,0.0266748915897769,-4.341299644014095,-4.41576806810388,LELTLRVGDKTWHFKDVDEEFVRHLEELLKRGAHEREIEEIIIEWLR,False
EA_run2_0325_0005,EA_run2_0325_0005,False,-3.3149282547872163,-0.0,-3.2483851400048382,-3.384876308391221,DEVTIHLGDKTIRVDGLDKELLEILKELARRGADEEELRKEIERWER,False
EA_run2_0325_0005__D15G,EA_run2_0325_0005,True,-3.075692436902957,0.2392358178842593,-3.023723376572017,-3.11628015131014,DEVTIHLGDKTIRVGGLDKELLEILKELARRGADEEELRKEIERWER,False
EA_run2_0325_0005__L28R,EA_run2_0325_0005,True,-2.015873862061998,1.2990543927252185,-1.96706163879416,-2.064628267860156,DEVTIHLGDKTIRVDGLDKELLEILKERARRGADEEELRKEIERWER,False
EA_run2_0325_0005__R30F,EA_run2_0325_0005,True,-3.0554019003699846,0.2595263544172317,-2.9662785975328423,-3.153509413657896,DEVTIHLGDKTIRVDGLDKELLEILKELAFRGADEEELRKEIERWER,False
EA_run3_0525_0006,EA_run3_0525_0006,False,-3.939240861968586,-0.0,-3.8426878529200033,-4.045886806118653,SHFELRVGTITLHFDNISEELAEELEKLAKNGVHADEIRRWWEEWLK,False
EA_run3_0525_0006__A22Q,EA_run3_0525_0006,True,-4.198944120343018,-0.2597032583744321,-4.109285337421969,-4.307630192341448,SHFELRVGTITLHFDNISEELQEELEKLAKNGVHADEIRRWWEEWLK,False
EA_run3_0525_0006__E43I,EA_run3_0525_0006,True,-4.284837862190789,-0.3455970002222033,-4.194270776003919,-4.341433934503154,SHFELRVGTITLHFDNISEELAEELEKLAKNGVHADEIRRWWIEWLK,False
EA_run3_0525_0006__R40T,EA_run3_0525_0006,True,-3.697393040722508,0.2418478212460781,-3.6217572534189206,-3.763019506889613,SHFELRVGTITLHFDNISEELAEELEKLAKNGVHADEIRTWWEEWLK,False
EA_run3_1140_0005,EA_run3_1140_0005,False,-3.953243587412868,-0.0,-3.8756419330756406,-3.988126377948036,FHVTIHVGDITFHIHGVSEEEVKKLEELVRRGADWREIKKTIEEIEK,False
EA_run3_1140_0005__A33Y,EA_run3_1140_0005,True,-2.636262777028283,1.3169808103845853,-2.5842175727994103,-2.6928269199036663,FHVTIHVGDITFHIHGVSEEEVKKLEELVRRGYDWREIKKTIEEIEK,False
EA_run3_1140_0005__E19C,EA_run3_1140_0005,True,-3.350571232931183,0.602672354481685,-3.2631898617043644,-3.4624643639529324,FHVTIHVGDITFHIHGVSCEEVKKLEELVRRGADWREIKKTIEEIEK,False
EA_run3_1140_0005__H2F,EA_run3_1140_0005,True,-3.936142112833843,0.0171014745790252,-3.8684053106718856,-4.020294226376687,FFVTIHVGDITFHIHGVSEEEVKKLEELVRRGADWREIKKTIEEIEK,False
EA_run6_1429_0006,EA_run6_1429_0006,False,-4.115170250347372,-0.0,-4.067526299708776,-4.157996556721467,STVKVRLGHLEVTLHNVSEEDVRELRELWKNGADEEDLRRWLEEWKK,False
EA_run6_1429_0006__K46S,EA_run6_1429_0006,True,-4.132486137662272,-0.0173158873148997,-4.104209484114835,-4.191167140394638,STVKVRLGHLEVTLHNVSEEDVRELRELWKNGADEEDLRRWLEEWSK,False
EA_run6_1429_0006__V22A,EA_run6_1429_0006,True,-3.91262634149436,0.2025439088530123,-3.869222530059088,-3.965144858011592,STVKVRLGHLEVTLHNVSEEDARELRELWKNGADEEDLRRWLEEWKK,False
EA_run6_1429_0006__V22S,EA_run6_1429_0006,True,-3.340351334042436,0.7748189163049362,-3.315698210683103,-3.376541759294297,STVKVRLGHLEVTLHNVSEEDSRELRELWKNGADEEDLRRWLEEWKK,False
EA_run7_1572_0002,EA_run7_1572_0002,False,-2.833430912167372,-0.0,-2.7813899421778663,-2.8970034659553185,DRHTIHIGDITIHLEGFSEEELKLAEELIKRGIHLEEVKRILEELYR,False
EA_run7_1572_0002__A25P,EA_run7_1572_0002,True,-1.5807471446320385,1.2526837675353333,-1.520844186486382,-1.645086252333881,DRHTIHIGDITIHLEGFSEEELKLPEELIKRGIHLEEVKRILEELYR,False
EA_run7_1572_0002__I7L,EA_run7_1572_0002,True,-2.798379369062441,0.0350515431049309,-2.7486854256657614,-2.859807217373174,DRHTIHLGDITIHLEGFSEEELKLAEELIKRGIHLEEVKRILEELYR,False
EA_run7_1572_0002__I7M,EA_run7_1572_0002,True,-2.823244966325201,0.0101859458421706,-2.750589208730608,-2.879199640280668,DRHTIHMGDITIHLEGFSEEELKLAEELIKRGIHLEEVKRILEELYR,False
EEHEE_rd3_0019,EEHEE_rd3_0019,False,-2.114649688636804,-0.0,-2.032498879250743,-2.235349627033151,GQVHVGDTTYHFPNPEEARKFAEKAAKENNLQVTQHGNTFKVE,False
EEHEE_rd3_0019__A22W,EEHEE_rd3_0019,True,0.2380176986889372,2.3526673873257407,0.3118883573349968,0.1450285433190456,GQVHVGDTTYHFPNPEEARKFWEKAAKENNLQVTQHGNTFKVE,False
EEHEE_rd3_0019__E17C,EEHEE_rd3_0019,True,-1.7101269943263615,0.4045226943104421,-1.5947075724877655,-1.8751022042326504,GQVHVGDTTYHFPNPECARKFAEKAAKENNLQVTQHGNTFKVE,False
EEHEE_rd3_0019__Q35V,EEHEE_rd3_0019,True,-1.675813524685359,0.4388361639514446,-1.635169094802783,-1.7163916288079806,GQVHVGDTTYHFPNPEEARKFAEKAAKENNLQVTVHGNTFKVE,False
EEHEE_rd3_0094,EEHEE_rd3_0094,False,-1.6146064113211374,-0.0,-1.501674375983958,-1.708493430592141,SQVHIGNTTFTFDNPEKAQKYAEKYAKKKGLTVQKNGDVWTVE,False
EEHEE_rd3_0094__H4P,EEHEE_rd3_0094,True,-0.2956916056901179,1.3189148056310196,-0.2517072844744831,-0.4325880644047853,SQVPIGNTTFTFDNPEKAQKYAEKYAKKKGLTVQKNGDVWTVE,False
EEHEE_rd3_0094__I5K,EEHEE_rd3_0094,True,-0.2263979057415873,1.38820850557955,-0.1256093502850311,-0.2883272656007491,SQVHKGNTTFTFDNPEKAQKYAEKYAKKKGLTVQKNGDVWTVE,False
EEHEE_rd3_0094__T32H,EEHEE_rd3_0094,True,-0.9227180093459248,0.6918884019752125,-0.8143617945137939,-1.010330673018497,SQVHIGNTTFTFDNPEKAQKYAEKYAKKKGLHVQKNGDVWTVE,False
EEHEE_rd3_0146,EEHEE_rd3_0146,False,-1.1316676357069777,-0.0,-1.0630457374423372,-1.1943769467605652,QTVVIGDTTYHLNNPEAAQQIAKELAKKYGLKVVISGNTIKLK,False
EEHEE_rd3_0146__I40S,EEHEE_rd3_0146,True,0.2868745890825452,1.4185422247895227,0.3413669345661412,0.238470497569278,QTVVIGDTTYHLNNPEAAQQIAKELAKKYGLKVVISGNTSKLK,False
EEHEE_rd3_0602,EEHEE_rd3_0602,False,-2.787809578053156,-0.0,-2.7260171218278098,-2.839878456316061,TTIEWNGTKITVDNPQKAKELAKKIAKKLGLTVKVHGNTITIE,False
EEHEE_rd3_0602__H36N,EEHEE_rd3_0602,True,-2.7207676493043618,0.0670419287487944,-2.6971347701602246,-2.757573051131803,TTIEWNGTKITVDNPQKAKELAKKIAKKLGLTVKVNGNTITIE,False
EEHEE_rd3_0602__T2L,EEHEE_rd3_0602,True,-2.410982832641351,0.376826745411805,-2.3729587313152214,-2.440012015137996,TLIEWNGTKITVDNPQKAKELAKKIAKKLGLTVKVHGNTITIE,False
EEHEE_rd3_0657,EEHEE_rd3_0657,False,-2.533297512501764,-0.0,-2.420558601034233,-2.60585873933045,GQVNVNNTTYTFPTPKLAKEFAQKAAKKYNLTVHVSGNTVTVK,False
EEHEE_rd3_0657__K16V,EEHEE_rd3_0657,True,-2.184734707135532,0.3485628053662317,-2.140438146144004,-2.220032324675336,GQVNVNNTTYTFPTPVLAKEFAQKAAKKYNLTVHVSGNTVTVK,False
EEHEE_rd3_0657__N30A,EEHEE_rd3_0657,True,-2.199486111382282,0.3338114011194819,-2.170673787270128,-2.246163080705021,GQVNVNNTTYTFPTPKLAKEFAQKAAKKYALTVHVSGNTVTVK,False
EEHEE_rd3_0657__P15Q,EEHEE_rd3_0657,True,-2.615467882039464,-0.0821703695377,-2.592161110729681,-2.64694965162102,GQVNVNNTTYTFPTQKLAKEFAQKAAKKYNLTVHVSGNTVTVK,False
EEHEE_rd3_1049,EEHEE_rd3_1049,False,-2.5441082856882087,-0.0,-2.493123801823727,-2.5928961665278147,TTVKLGDIKVTFDNPEKAKKYAQKLAKIYQLTVHVHGDTIHVK,False
EEHEE_rd3_1049__K24R,EEHEE_rd3_1049,True,-2.166050445008324,0.3780578406798844,-2.144912122580476,-2.192009677863723,TTVKLGDIKVTFDNPEKAKKYAQRLAKIYQLTVHVHGDTIHVK,False
EEHEE_rd3_1049__V35M,EEHEE_rd3_1049,True,-1.835522605351299,0.7085856803369097,-1.790075867035145,-1.8576011543112727,TTVKLGDIKVTFDNPEKAKKYAQKLAKIYQLTVHMHGDTIHVK,False
EEHEE_rd3_1587__Q41W,EEHEE_rd3_1587,True,-1.820836743835753,-0.3598107798379659,-1.7839289171803314,-1.8462407207581573,QTIHNGDQTYHYDNPEEAIKVAQKLAKIYNLTVTVKGNTVWVH,False
EEHEE_rd3_1810,EEHEE_rd3_1810,False,-1.8065910386504345,-0.0,-1.7497248100614553,-1.8581552318490373,TTVKVNGTKYKFDTPEEAQKFAKKAADKYNLKVVVDGDDLRVE,False
EEHEE_rd3_1810__D38A,EEHEE_rd3_1810,True,-1.7645570453933264,0.0420339932571076,-1.7049508020771815,-1.822651662466956,TTVKVNGTKYKFDTPEEAQKFAKKAADKYNLKVVVDGADLRVE,False
EEHEE_rd3_1810__K4T,EEHEE_rd3_1810,True,-2.8439660401366047,-1.037375001486171,-2.818924955037116,-2.8715982471940524,TTVTVNGTKYKFDTPEEAQKFAKKAADKYNLKVVVDGDDLRVE,False
EEHEE_rd3_1810__K9T,EEHEE_rd3_1810,True,-2.4497690112524726,-0.6431779726020386,-2.4257057336625065,-2.474990230679816,TTVKVNGTTYKFDTPEEAQKFAKKAADKYNLKVVVDGDDLRVE,False
EEHEE_rd4_0003,EEHEE_rd4_0003,False,-3.274574175724944,-0.0,-3.19544440308402,-3.361035254361679,KKVTINGVEIKFNNPEEAVKFALELAKRLNLRIEFHGDQIKIE,False
EEHEE_rd4_0003__I33C,EEHEE_rd4_0003,True,-2.351622031651785,0.9229521440731588,-2.216186643975714,-2.484451102181892,KKVTINGVEIKFNNPEEAVKFALELAKRLNLRCEFHGDQIKIE,False
EEHEE_rd4_0003__K1F,EEHEE_rd4_0003,True,-3.496411079759393,-0.2218369040344492,-3.442339418307887,-3.53366244451199,FKVTINGVEIKFNNPEEAVKFALELAKRLNLRIEFHGDQIKIE,False
EEHEE_rd4_0003__R32A,EEHEE_rd4_0003,True,-2.0240980341824697,1.250476141542474,-1.9747203715402124,-2.071124262840472,KKVTINGVEIKFNNPEEAVKFALELAKRLNLAIEFHGDQIKIE,False
EEHEE_rd4_0256,EEHEE_rd4_0256,False,-2.514541231530882,-0.0,-2.439611415246213,-2.5491000273653364,LTVQLGNLEWHFDNPEQALKMAEELAKRYQLKVEIDNGTLKFK,False
EEHEE_rd4_0256__D13W,EEHEE_rd4_0256,True,-2.2640759408049904,0.2504652907258915,-2.215907792324628,-2.3124200410257743,LTVQLGNLEWHFWNPEQALKMAEELAKRYQLKVEIDNGTLKFK,False
EEHEE_rd4_0256__P15S,EEHEE_rd4_0256,True,-2.2669980176506543,0.2475432138802276,-2.2351917298697788,-2.2985641022704297,LTVQLGNLEWHFDNSEQALKMAEELAKRYQLKVEIDNGTLKFK,False
EEHEE_rd4_0256__T2N,EEHEE_rd4_0256,True,-2.035878301073041,0.4786629304578409,-1.99285271633616,-2.0910447729536386,LNVQLGNLEWHFDNPEQALKMAEELAKRYQLKVEIDNGTLKFK,False
EEHEE_rd4_0363,EEHEE_rd4_0363,False,-2.5406707151458647,-0.0,-2.45848735619275,-2.6298696380836337,VTVDIKGMEYHFDNPEEAKKFAERMAKELGGELKVENGTLKVE,False
EEHEE_rd4_0363__A22Y,EEHEE_rd4_0363,True,-1.0575702334852046,1.48310048166066,-0.9910808630440672,-1.1189169103306031,VTVDIKGMEYHFDNPEEAKKFYERMAKELGGELKVENGTLKVE,False
EEHEE_rd4_0363__I5N,EEHEE_rd4_0363,True,-0.2240389423866428,2.316631772759222,-0.1177930451886084,-0.2870814445646962,VTVDNKGMEYHFDNPEEAKKFAERMAKELGGELKVENGTLKVE,False
EEHEE_rd4_0363__K19Q,EEHEE_rd4_0363,True,-2.1741482539334376,0.3665224612124271,-2.1325412179379155,-2.2222454021624403,VTVDIKGMEYHFDNPEEAQKFAERMAKELGGELKVENGTLKVE,False
EEHEE_rd4_0371,EEHEE_rd4_0371,False,-3.395410456435799,-0.0,-3.332598745703929,-3.471044675335384,VTVHVNRYTYHFDNPEEAEKFAREMAKRLNMTVEIHGNTLKVE,False
EEHEE_rd4_0371__A18V,EEHEE_rd4_0371,True,-1.1223772486110448,2.273033207824754,-1.0764611487254276,-1.1607354590017014,VTVHVNRYTYHFDNPEEVEKFAREMAKRLNMTVEIHGNTLKVE,False
EEHEE_rd4_0371__K20P,EEHEE_rd4_0371,True,-1.1700450726028224,2.225365383832977,-1.1366646602128414,-1.2073777114045572,VTVHVNRYTYHFDNPEEAEPFAREMAKRLNMTVEIHGNTLKVE,False
EEHEE_rd4_0371__V5E,EEHEE_rd4_0371,True,-1.2168580595053733,2.1785523969304257,-1.1937798715854224,-1.2548962456773265,VTVHENRYTYHFDNPEEAEKFAREMAKRLNMTVEIHGNTLKVE,False
EEHEE_rd4_0469,EEHEE_rd4_0469,False,-1.511750693963398,-0.0,-1.4054907740025315,-1.595570404968525,ITIHVNGVTYHFDNPEEAEKFAQKMAKTYQLKMEIHNGEFHME,False
EEHEE_rd4_0469__E16P,EEHEE_rd4_0469,True,-0.6981983407653869,0.8135523531980111,-0.6472200841988366,-0.7382180360999199,ITIHVNGVTYHFDNPPEAEKFAQKMAKTYQLKMEIHNGEFHME,False
EEHEE_rd4_0469__I1S,EEHEE_rd4_0469,True,-0.6832426412488015,0.8285080527145965,-0.5728728848457383,-0.7678014063187221,STIHVNGVTYHFDNPEEAEKFAQKMAKTYQLKMEIHNGEFHME,False
EEHEE_rd4_0469__N14V,EEHEE_rd4_0469,True,-1.102529213790313,0.4092214801730849,-1.0625780395704556,-1.132894717032837,ITIHVNGVTYHFDVPEEAEKFAQKMAKTYQLKMEIHNGEFHME,False
EEHEE_rd4_0470,EEHEE_rd4_0470,False,-2.842188985438763,-0.0,-2.813388651206655,-2.9020144353916897,MTVRVDGVDYEFSSLEEAVRFALKMAKSKGAEVQLHNGTFHVE,False
EEHEE_rd4_0470__N37Q,EEHEE_rd4_0470,True,-1.3891447059499358,1.4530442794888274,-1.3291906514869103,-1.425209678537997,MTVRVDGVDYEFSSLEEAVRFALKMAKSKGAEVQLHQGTFHVE,False
EEHEE_rd4_0470__Q34M,EEHEE_rd4_0470,True,-1.9516889848629555,0.8905000005758077,-1.921348641478798,-1.977288931545407,MTVRVDGVDYEFSSLEEAVRFALKMAKSKGAEVMLHNGTFHVE,False
EEHEE_rd4_0470__V19N,EEHEE_rd4_0470,True,-1.0720671991669162,1.770121786271847,-1.0205863468030212,-1.1219372766180054,MTVRVDGVDYEFSSLEEANRFALKMAKSKGAEVQLHNGTFHVE,False
EEHEE_rd4_0481,EEHEE_rd4_0481,False,-1.763659565342459,-0.0,-1.693434562744071,-1.8531852890342988,KTVHVNGVQYDFDNPEQAERFAKEMAKKAGLQIQFHGDQIKIE,False
EEHEE_rd4_0481__F35A,EEHEE_rd4_0481,True,-0.554152653330731,1.209506912011728,-0.5096128529916758,-0.598472625497103,KTVHVNGVQYDFDNPEQAERFAKEMAKKAGLQIQAHGDQIKIE,False
EEHEE_rd4_0481__H4A,EEHEE_rd4_0481,True,-0.4658290584503792,1.2978305068920797,-0.3988937943277332,-0.5219876140545119,KTVAVNGVQYDFDNPEQAERFAKEMAKKAGLQIQFHGDQIKIE,False
EEHEE_rd4_0481__N6W,EEHEE_rd4_0481,True,-1.0124012948674137,0.7512582704750452,-0.942146387738081,-1.0429383808443011,KTVHVWGVQYDFDNPEQAERFAKEMAKKAGLQIQFHGDQIKIE,False
EEHEE_rd4_0647,EEHEE_rd4_0647,False,-3.387656126828724,-0.0,-3.28432602733736,-3.459429060334636,MQVTWGNVTVTFSNPEEAKKYAEKVARKLGGQVELHNGQFRIK,False
EEHEE_rd4_0647__A22L,EEHEE_rd4_0647,True,-1.6243598184615728,1.763296308367151,-1.573330951420173,-1.6685179513746018,MQVTWGNVTVTFSNPEEAKKYLEKVARKLGGQVELHNGQFRIK,False
EEHEE_rd4_0647__A26C,EEHEE_rd4_0647,True,-2.0800237927239147,1.307632334104809,-1.7816451442881314,-2.2719822658452564,MQVTWGNVTVTFSNPEEAKKYAEKVCRKLGGQVELHNGQFRIK,False
EEHEE_rd4_0647__K19R,EEHEE_rd4_0647,True,-3.1952338191897445,0.1924223076389792,-3.145982628031651,-3.2391433085114927,MQVTWGNVTVTFSNPEEARKYAEKVARKLGGQVELHNGQFRIK,False
EEHEE_rd4_0763,EEHEE_rd4_0763,False,-2.345087685066747,-0.0,-2.290919368044885,-2.420447486575547,LTVHVGNVTYHFDNPEQAEEWAKRMAKKYQGQIHVKDGQFRIE,False
EEHEE_rd4_0763__I33C,EEHEE_rd4_0763,True,-2.0731495950352783,0.2719380900314685,-1.8056793085696992,-2.301006465498961,LTVHVGNVTYHFDNPEQAEEWAKRMAKKYQGQCHVKDGQFRIE,False
EEHEE_rd4_0763__Q30Y,EEHEE_rd4_0763,True,-1.3551137372587516,0.9899739478079952,-1.2858464099698548,-1.4289986303360869,LTVHVGNVTYHFDNPEQAEEWAKRMAKKYYGQIHVKDGQFRIE,False
EEHEE_rd4_0763__W21P,EEHEE_rd4_0763,True,0.7273476993804956,3.0724353844472425,0.8088292448000131,0.6468426130787016,LTVHVGNVTYHFDNPEQAEEPAKRMAKKYQGQIHVKDGQFRIE,False
EEHEE_rd4_0794,EEHEE_rd4_0794,False,-2.152208109879134,-0.0,-2.1018123046820327,-2.2279943212502413,TTVHVNGVTYHFPNPEEAKKFVDRVVKEAGLTVEVKGNQWDVE,False
EEHEE_rd4_0794__A29I,EEHEE_rd4_0794,True,-1.7406529497329235,0.4115551601462106,-1.7106539054638723,-1.778290763959043,TTVHVNGVTYHFPNPEEAKKFVDRVVKEIGLTVEVKGNQWDVE,False
EEHEE_rd4_0794__L31G,EEHEE_rd4_0794,True,-1.949820607513304,0.2023875023658301,-1.9044153935037471,-1.9979138672581456,TTVHVNGVTYHFPNPEEAKKFVDRVVKEAGGTVEVKGNQWDVE,False
EEHEE_rd4_0794__N6W,EEHEE_rd4_0794,True,-1.8652150357646144,0.2869930741145197,-1.8192714479237289,-1.9233016790113235,TTVHVWGVTYHFPNPEEAKKFVDRVVKEAGLTVEVKGNQWDVE,False
EHEE_rd3_0053__A16E,EHEE_rd3_0053,True,-2.113258270951814,0.625493740501256,-2.0709451284841025,-2.181398471232704,TYTFKVDNKDQAKKAEKWAKKLGLSFQIEKHGDTFKITVQ,False
GG_run1_1390_0006,GG_run1_1390_0006,False,-4.273354454849285,-0.0,-4.230120250786169,-4.337476867678795,TTLHFDLDGKKLQYTGVSEEIARLVEELKRRGVDLKEIVRILEELLK,False
GG_run1_1390_0006__E37V,GG_run1_1390_0006,True,-4.004111441535029,0.2692430133142558,-3.94811503372276,-4.054318228150879,TTLHFDLDGKKLQYTGVSEEIARLVEELKRRGVDLKVIVRILEELLK,False
GG_run1_1390_0006__I41Y,GG_run1_1390_0006,True,-3.993604551882684,0.2797499029666008,-3.900692315793426,-4.076933534739975,TTLHFDLDGKKLQYTGVSEEIARLVEELKRRGVDLKEIVRYLEELLK,False
GG_run1_1390_0006__L3G,GG_run1_1390_0006,True,-2.2489743332174723,2.0243801216318125,-2.199284612842741,-2.296524571678668,TTGHFDLDGKKLQYTGVSEEIARLVEELKRRGVDLKEIVRILEELLK,False
GG_run2_0085_0001,GG_run2_0085_0001,False,-4.27268725785933,-0.0,-4.201742878996367,-4.337179337423408,DHWHVHIDGERIRLDGASEEFIRTLEELIRRGTDARELKEIIKEYLR,False
GG_run2_0085_0001__E37L,GG_run2_0085_0001,True,-4.458952177274805,-0.1862649194154748,-4.406010796215536,-4.517544844289873,DHWHVHIDGERIRLDGASEEFIRTLEELIRRGTDARLLKEIIKEYLR,False
GG_run2_0085_0001__I7E,GG_run2_0085_0001,True,-2.526703548595984,1.7459837092633457,-2.48910458031553,-2.569253386927666,DHWHVHEDGERIRLDGASEEFIRTLEELIRRGTDARELKEIIKEYLR,False
GG_run2_0085_0001__R13D,GG_run2_0085_0001,True,-4.644338780623804,-0.3716515227644743,-4.581423589288705,-4.71295871612905,DHWHVHIDGERIDLDGASEEFIRTLEELIRRGTDARELKEIIKEYLR,False
GG_run3_1315_0003,GG_run3_1315_0003,False,-3.151334209147472,-0.0,-3.102913281023596,-3.1835284230537653,GHYRIRINGREFEIRGISEEEIRHLEEALRNGADEKILKEIVDRLRG,False
GG_run3_1315_0003__A28N,GG_run3_1315_0003,True,-2.7142751830494465,0.4370590260980256,-2.665974819937516,-2.7555481820196537,GHYRIRINGREFEIRGISEEEIRHLEENLRNGADEKILKEIVDRLRG,False
GG_run3_1315_0003__E20V,GG_run3_1315_0003,True,-3.043207057606973,0.1081271515404989,-2.985705217823585,-3.094862762101116,GHYRIRINGREFEIRGISEVEIRHLEEALRNGADEKILKEIVDRLRG,False
GG_run3_1315_0003__E21T,GG_run3_1315_0003,True,-2.8803862788642567,0.2709479302832154,-2.833982330443713,-2.940856131024253,GHYRIRINGREFEIRGISEETIRHLEEALRNGADEKILKEIVDRLRG,False
GG_run4_0467_0002,GG_run4_0467_0002,False,-2.5987379177189425,-0.0,-2.553975928140489,-2.656614103438374,LTVEVTLDGRRIELHGLSEEAHEILRHALERNADDKEIKKILEELRK,False
GG_run4_0467_0002__H15M,GG_run4_0467_0002,True,-2.391594107724748,0.2071438099941946,-2.358631703481908,-2.436460646088312,LTVEVTLDGRRIELMGLSEEAHEILRHALERNADDKEIKKILEELRK,False
GG_run4_0467_0002__K40Y,GG_run4_0467_0002,True,-2.5911917270733387,0.0075461906456038,-2.566226975512601,-2.6434549222430253,LTVEVTLDGRRIELHGLSEEAHEILRHALERNADDKEIKYILEELRK,False
GG_run4_0467_0002__L7S,GG_run4_0467_0002,True,-1.4979535385102716,1.100784379208671,-1.4687857226726355,-1.5438191840225954,LTVEVTSDGRRIELHGLSEEAHEILRHALERNADDKEIKKILEELRK,False
GG_run5_1147_0004,GG_run5_1147_0004,False,-3.185736826366252,-0.0,-3.125932613516436,-3.240940142681384,LDITFHVDGKNIHVHGASEEVVRIIEELIKNNARAEEIKETLERLLR,False
GG_run5_1147_0004__A35S,GG_run5_1147_0004,True,-2.990600420870901,0.1951364054953508,-2.9376853007556267,-3.072310304772947,LDITFHVDGKNIHVHGASEEVVRIIEELIKNNARSEEIKETLERLLR,False
GG_run5_1147_0004__I38S,GG_run5_1147_0004,True,-1.3821662376775574,1.8035705886886944,-1.3406683748845,-1.4440437367592132,LDITFHVDGKNIHVHGASEEVVRIIEELIKNNARAEESKETLERLLR,False
GG_run5_1147_0004__R47P,GG_run5_1147_0004,True,-3.124382966243666,0.0613538601225855,-3.0553856894675886,-3.213763142930256,LDITFHVDGKNIHVHGASEEVVRIIEELIKNNARAEEIKETLERLLP,False
GG_run5_1309_0004,GG_run5_1309_0004,False,-3.2245183918560003,-0.0,-3.174458056041398,-3.2703466870737192,HSLRVHINGKDFEVHNADEHVIRALEELIRRGADADELKEFLERWKG,False
GG_run5_1309_0004__E37N,GG_run5_1309_0004,True,-2.7399894405800813,0.4845289512759185,-2.703426675669759,-2.7834874163032883,HSLRVHINGKDFEVHNADEHVIRALEELIRRGADADNLKEFLERWKG,False
GG_run5_1309_0004__K46T,GG_run5_1309_0004,True,-3.2929243856655503,-0.0684059938095504,-3.24513331393017,-3.34438133561488,HSLRVHINGKDFEVHNADEHVIRALEELIRRGADADELKEFLERWTG,False
GG_run5_1309_0004__V14C,GG_run5_1309_0004,True,-1.935911735497963,1.288606656358037,-1.832742286799312,-2.078135303930941,HSLRVHINGKDFECHNADEHVIRALEELIRRGADADELKEFLERWKG,False
GG_run6_0851_0003,GG_run6_0851_0003,False,-4.1974747518440125,-0.0,-4.13966365512656,-4.25821716744653,DRYEFNINGVHFTIDDAEEELIKLIEELLKRGARAEEIEEVIRRWER,False
GG_run6_0851_0003__E37V,GG_run6_0851_0003,True,-3.89151108516159,0.3059636666824223,-3.838319060634329,-3.9501406865266753,DRYEFNINGVHFTIDDAEEELIKLIEELLKRGARAEVIEEVIRRWER,False
GG_run6_0851_0003__L24D,GG_run6_0851_0003,True,-3.88200904229162,0.3154657095523925,-3.769297472488304,-4.001037627971193,DRYEFNINGVHFTIDDAEEELIKDIEELLKRGARAEEIEEVIRRWER,False
GG_run6_1310_0004,GG_run6_1310_0004,False,-2.613855932500319,-0.0,-2.5470578374290094,-2.668730013842204,DEVRLHVNGHTIEFRGIDEEIFKILEEAAKRGADEEELRRLAEKLLR,False
GG_run6_1310_0004__H10T,GG_run6_1310_0004,True,-2.616891627816983,-0.0030356953166643,-2.5695023707326903,-2.6664719826097505,DEVRLHVNGTTIEFRGIDEEIFKILEEAAKRGADEEELRRLAEKLLR,False
GG_run6_1310_0004__L46E,GG_run6_1310_0004,True,-1.906498079852988,0.7073578526473308,-1.8216508343542404,-2.004046075818466,DEVRLHVNGHTIEFRGIDEEIFKILEEAAKRGADEEELRRLAEKLER,False
GG_run6_1310_0004__R15L,GG_run6_1310_0004,True,-2.539683368048995,0.0741725644513238,-2.496639874155937,-2.5863851120356154,DEVRLHVNGHTIEFLGIDEEIFKILEEAAKRGADEEELRRLAEKLLR,False
HHH_rd1_0335,HHH_rd1_0335,False,-2.472495860453934,-0.0,-2.3894638245543023,-2.5376078343645747,TEDEKKIQELLKRANGDVSKAEKLAQSQGNEELARRLREYANK,False
HHH_rd1_0335__I7P,HHH_rd1_0335,True,-0.4152778290725907,2.0572180313813435,-0.3627481212823417,-0.5083874087213002,TEDEKKPQELLKRANGDVSKAEKLAQSQGNEELARRLREYANK,False
HHH_rd1_0335__R13M,HHH_rd1_0335,True,-2.4830690985029458,-0.0105732380490115,-2.4354918159332284,-2.5229834642054083,TEDEKKIQELLKMANGDVSKAEKLAQSQGNEELARRLREYANK,False
HHH_rd1_0335__R38C,HHH_rd1_0335,True,-1.716786605095201,0.7557092553587332,-1.5718030394411706,-1.812081798488855,TEDEKKIQELLKRANGDVSKAEKLAQSQGNEELARRLCEYANK,False
HHH_rd1_0473,HHH_rd1_0473,False,-1.7208633488359264,-0.0,-1.6257952958392834,-1.8307991004473103,QKEELKEKAKEAVKRGNKDKARELLKRAGISEEEAKKIIKKIE,False
HHH_rd1_0473__E33Q,HHH_rd1_0473,True,-1.3605838576539715,0.3602794911819551,-1.2988449660776764,-1.4060138421464397,QKEELKEKAKEAVKRGNKDKARELLKRAGISEQEAKKIIKKIE,False
HHH_rd1_0473__G16W,HHH_rd1_0473,True,-0.4467699533921259,1.2740933954438007,-0.3627620526039066,-0.5645689135909376,QKEELKEKAKEAVKRWNKDKARELLKRAGISEEEAKKIIKKIE,False
HHH_rd1_0473__R15S,HHH_rd1_0473,True,-1.833493440492759,-0.1126300916568323,-1.791152010687752,-1.8937877461188053,QKEELKEKAKEAVKSGNKDKARELLKRAGISEEEAKKIIKKIE,False
HHH_rd2_0155,HHH_rd2_0155,False,-2.136879476022836,-0.0,-1.995597698302552,-2.241020782955025,PPDDERKKAEKAARSGNEEKAREILERLGYSEDEARELAKRLR,False
HHH_rd2_0155__A21W,HHH_rd2_0155,True,-1.63693040842446,0.4999490675983757,-1.5499094200585777,-1.717821751046771,PPDDERKKAEKAARSGNEEKWREILERLGYSEDEARELAKRLR,False
HHH_rd2_0155__R41Q,HHH_rd2_0155,True,-1.785470540285625,0.3514089357372107,-1.6975842960317202,-1.8687937991218584,PPDDERKKAEKAARSGNEEKAREILERLGYSEDEARELAKQLR,False
HHH_rd2_0155__Y30N,HHH_rd2_0155,True,-0.2477602673881865,1.889119208634649,-0.1415481391082378,-0.3859170139140197,PPDDERKKAEKAARSGNEEKAREILERLGNSEDEARELAKRLR,False
HHH_rd2_0181,HHH_rd2_0181,False,-3.859584490377275,-0.0,-3.7704244164388574,-3.947013535522701,PKDQAKKEIEKALRNGDEEKAKRLAKKYGISDDDWKELKKRVS,False
HHH_rd2_0181__D32Y,HHH_rd2_0181,True,-3.741114521158714,0.1184699692185611,-3.6994361091348766,-3.793139802807902,PKDQAKKEIEKALRNGDEEKAKRLAKKYGISYDDWKELKKRVS,False
HHH_rd2_0181__I30K,HHH_rd2_0181,True,-0.6232309017576304,3.236353588619645,-0.5339509724264322,-0.6843904146047176,PKDQAKKEIEKALRNGDEEKAKRLAKKYGKSDDDWKELKKRVS,False
HHH_rd2_0181__K27G,HHH_rd2_0181,True,-2.544289011136356,1.3152954792409193,-2.493001077792916,-2.5885857279447007,PKDQAKKEIEKALRNGDEEKAKRLAKGYGISDDDWKELKKRVS,False
HHH_rd4_0557,HHH_rd4_0557,False,-3.4020494105021486,-0.0,-3.325206472309172,-3.463293643002327,PEEVRRLVEELYRKGVSPEQVKKILKKQGIDEREIEKVLRRIG,False
HHH_rd4_0557__Q20E,HHH_rd4_0557,True,-3.404041439043559,-0.001992028541411,-3.363748827304266,-3.4367945169822285,PEEVRRLVEELYRKGVSPEEVKKILKKQGIDEREIEKVLRRIG,False
XX_run1_0254_0003,XX_run1_0254_0003,False,-3.870225980459286,-0.0,-3.7921664004422535,-3.951007690108455,PDFTLHWNGITIHFKGIDEEQFRHLRELLDRGVSLEELEELAKELIK,False
XX_run1_0254_0003__E27D,XX_run1_0254_0003,True,-3.99298621278246,-0.122760232323174,-3.925390258277728,-4.056312595927472,PDFTLHWNGITIHFKGIDEEQFRHLRDLLDRGVSLEELEELAKELIK,False
XX_run1_0254_0003__H6M,XX_run1_0254_0003,True,-3.869474208016839,0.0007517724424466,-3.8019685002849375,-3.927477618948514,PDFTLMWNGITIHFKGIDEEQFRHLRELLDRGVSLEELEELAKELIK,False
XX_run1_0254_0003__T4Q,XX_run1_0254_0003,True,-3.396138682033385,0.4740872984259008,-3.348747608711135,-3.436539165503906,PDFQLHWNGITIHFKGIDEEQFRHLRELLDRGVSLEELEELAKELIK,False
XX_run1_0367_0004,XX_run1_0367_0004,False,-3.910642602073596,-0.0,-3.8419990852245984,-3.974282424705767,DEFHFHWNGRDIRVRGDSEELRRLIEAIKRGELSEEEIERAIEILER,False
XX_run1_0367_0004__A27E,XX_run1_0367_0004,True,-3.638304269530773,0.272338332542823,-3.5545948887327903,-3.740010856141468,DEFHFHWNGRDIRVRGDSEELRRLIEEIKRGELSEEEIERAIEILER,False
XX_run1_0367_0004__E2C,XX_run1_0367_0004,True,-3.683830849164184,0.2268117529094122,-3.587033021835548,-3.843538287937269,DCFHFHWNGRDIRVRGDSEELRRLIEAIKRGELSEEEIERAIEILER,False
XX_run1_0367_0004__S18Q,XX_run1_0367_0004,True,-3.6448588131430135,0.2657837889305825,-3.5961318534591724,-3.700791427286625,DEFHFHWNGRDIRVRGDQEELRRLIEAIKRGELSEEEIERAIEILER,False
XX_run1_0455_0002,XX_run1_0455_0002,False,-3.022223681095492,-0.0,-2.9597502174031023,-3.066816182233847,DHWEIRVGDITIHLKDVDEEIIRWVEEALRNGDDLEEIKRWVEEVLR,False
XX_run1_0455_0002__D33H,XX_run1_0455_0002,True,-3.077794465455252,-0.0555707843597601,-3.0185032753324155,-3.127513876278892,DHWEIRVGDITIHLKDVDEEIIRWVEEALRNGHDLEEIKRWVEEVLR,False
XX_run1_0455_0002__D33V,XX_run1_0455_0002,True,-3.4403745655085567,-0.4181508844130648,-3.3694994692816085,-3.500571314305261,DHWEIRVGDITIHLKDVDEEIIRWVEEALRNGVDLEEIKRWVEEVLR,False
XX_run1_0455_0002__V42E,XX_run1_0455_0002,True,-1.3994446703481884,1.6227790107473037,-1.33389996778245,-1.4636927677327185,DHWEIRVGDITIHLKDVDEEIIRWVEEALRNGDDLEEIKRWEEEVLR,False
XX_run1_0461_0006,XX_run1_0461_0006,False,-3.8324363517539313,-0.0,-3.783331968519752,-3.87850683087719,WEITFERNGKRITVRTTDHRLLELFEKLWRNGADERELERLAEEINR,False
XX_run1_0461_0006__R11S,XX_run1_0461_0006,True,-3.803231103788958,0.0292052479649731,-3.716018029109828,-3.85857493694118,WEITFERNGKSITVRTTDHRLLELFEKLWRNGADERELERLAEEINR,False
XX_run3_1384_0005,XX_run3_1384_0005,False,-3.60890999722946,-0.0,-3.4832733206929536,-3.722619734846924,LHIEINVNGLRIELHNVSEELAERIREILEKVDDREEARRLAEELIK,False
XX_run3_1384_0005__D33Y,XX_run3_1384_0005,True,-3.9337184753081536,-0.3248084780786935,-3.8373085232441912,-4.040809898010624,LHIEINVNGLRIELHNVSEELAERIREILEKVYDREEARRLAEELIK,False
XX_run3_1384_0005__L21E,XX_run3_1384_0005,True,-2.9146498300062302,0.6942601672232298,-2.833686442297688,-2.9958025760235065,LHIEINVNGLRIELHNVSEEEAERIREILEKVDDREEARRLAEELIK,False
XX_run3_1384_0005__V7R,XX_run3_1384_0005,True,-2.0696424704460616,1.5392675267833984,-1.998012644397063,-2.117072295567504,LHIEINRNGLRIELHNVSEELAERIREILEKVDDREEARRLAEELIK,False
XX_run6_1081_0004,XX_run6_1081_0004,False,-3.612261272000887,-0.0,-3.533754226280607,-3.745665892448258,SKDTIRINGIDIDVKDLHEEWKRLVEEALKRGDEELAIELLERALKE,False
XX_run6_1081_0004__D11W,XX_run6_1081_0004,True,-3.2559862603974423,0.3562750116034445,-3.186474849120642,-3.314556705743839,SKDTIRINGIWIDVKDLHEEWKRLVEEALKRGDEELAIELLERALKE,False
XX_run6_1081_0004__D3Q,XX_run6_1081_0004,True,-3.2159410341254686,0.3963202378754182,-3.147500914536514,-3.3126491439119,SKQTIRINGIDIDVKDLHEEWKRLVEEALKRGDEELAIELLERALKE,False
XX_run6_1081_0004__I38A,XX_run6_1081_0004,True,-3.4511462069728163,0.1611150650280706,-3.4014394383766664,-3.5027255707785696,SKDTIRINGIDIDVKDLHEEWKRLVEEALKRGDEELAAELLERALKE,False
XX_run8_0733_0006,XX_run8_0733_0006,False,-3.102452809496482,-0.0,-3.056289351133908,-3.1523047149923733,TTITITINGEELRIRGDHEEIHKILKAWEEDHNDEEIVRLIRELAER,False
XX_run8_0733_0006__H18F,XX_run8_0733_0006,True,-3.124229803490239,-0.0217769939937571,-3.062757617946019,-3.209396723198171,TTITITINGEELRIRGDFEEIHKILKAWEEDHNDEEIVRLIRELAER,False
XX_run8_1063_0003,XX_run8_1063_0003,False,-2.636570466595162,-0.0,-2.5603524906048976,-2.7110437358028223,DDWEIHFNNITIRLHGVSEEQIEELKELIKNGAHEEELRKWAEEVNR,False
XX_run8_1063_0003__E19C,XX_run8_1063_0003,True,-2.60918133205246,0.0273891345427021,-2.4715581335818024,-2.7383064103301304,DDWEIHFNNITIRLHGVSCEQIEELKELIKNGAHEEELRKWAEEVNR,False
XX_run8_1063_0003__W3E,XX_run8_1063_0003,True,-1.578983466896827,1.057586999698335,-1.4826974832759163,-1.67861291790649,DDEEIHFNNITIRLHGVSEEQIEELKELIKNGAHEEELRKWAEEVNR,False
